Mean,Variance,StD,Kurtosis,Max,Min,Skewness,Entropy,Constrast,Correlation,Energy,Homogeneity,Label
109,25.963174731829636,5.095407219431008,0.2690828936918219,128,99,0.7553217428091967,8.345327598457203,413.47821409359887,0.8646335686962647,0.8321749012955895,0.8783462394639374,1
109,20.61794489924279,4.540698723681499,0.03578661392332716,124,98,0.6453848600305779,8.627703398361405,531.6085137085138,0.8874453836560534,0.7088797204861478,0.811132548888097,1
95,20.24348722683903,4.499276300344204,0.39939475885250975,112,86,0.6895543824396475,7.443160457761637,562.8790322580649,0.8616119920886961,0.6425862297285164,0.7564824686300031,1
93,2.6475,1.627114009527298,-1.0340665602003052,96,91,0.26759696144403755,4.094191897549392,1413.388888888889,0.32111621825362413,0.2151657414559676,0.32779747134494197,1
100,43.33619936388102,6.583023573091701,-1.1629569796154329,115,88,0.05819652725142889,7.426170537303898,488.38548273431985,0.8986183309802998,0.5817499505883371,0.7473744868100103,1
90,1.4564000000000001,1.2068139873236472,-0.5656523581979784,94,89,0.3199628783456101,5.010547360159425,1102.2884615384614,0.6850721510045281,0.6337730747847817,0.7942472191135904,1
93,9.133786848072562,3.022215552880463,0.40908600077511315,102,89,1.0665882482488418,4.83576808540673,899.22,0.6931586897321212,0.2227105745132009,0.4531333889709478,1
92,5.067851239669422,2.251188850289869,1.6528939812037953,100,88,1.2392245842016438,5.798796926254466,1266.0,0.7015852837921313,0.42575667211147655,0.6463888965861841,1
91,2.7271809115010734,1.6514178488502156,-0.2542305372613609,96,89,0.47881441128830876,5.587087795610557,1029.3653846153848,0.6305288842529921,0.22672742543368454,0.5432844309048197,1
93,6.2522263717322595,2.500445234699664,-0.7705009674042205,99,89,0.399680858884042,5.1757919675832,1045.2857142857142,0.5144783552735865,0.16984868697644995,0.4717241458708121,1
92,4.430549333333333,2.104887012011175,-0.5563926196426623,98,88,0.3365727304300389,7.0252801705587835,463.65743589743596,0.8852055491817027,0.5961626136658847,0.8221607187155227,1
91,2.4927126710291496,1.578832692538747,-0.8454006845329229,95,89,0.23363478913702637,5.505184190254555,1014.4538461538464,0.7485774461257315,0.3544726894613526,0.6346303310596315,1
94,8.384762007033748,2.8956453524272874,-0.7769419812391094,101,89,0.3756211504495418,6.360830871699553,607.641447368421,0.8558246318020543,0.36178229170704,0.6623731932558594,1
90,12.923076923076923,3.5948681370916686,-0.7752976190476191,97,84,0.2533373272631565,4.355913329163027,3599.7222222222217,-0.04387027944301142,0.1678200829665913,0.15750711252559313,1
92,14.046524738919167,3.747869359905594,-0.5322680997305991,102,85,0.5803632599278661,7.053626052651767,732.9435897435898,0.8274439438891853,0.4668462601732377,0.6613556009869179,1
91,12.506666666666666,3.536476589299958,-0.12417321991170693,100,85,0.6804729184757856,5.885356654273002,428.20000000000005,0.8722715169882684,0.27428885321864616,0.6216250623539639,1
89,3.1408702677747,1.7722500579135834,-0.6820692309818543,93,86,-0.03563794230198493,6.527763108576414,1648.85,0.5630829347916815,0.29276249169456436,0.49269047033342805,1
92,12.301442171740975,3.5073411826825422,-1.038795063110321,99,86,0.15045543313510412,5.732622168845877,909.6168831168833,0.7653811851231903,0.2997229844894616,0.5140333988818996,1
90,7.459534794309881,2.731214893469549,-0.8171827981978121,98,86,0.2752346681375664,6.821745656972298,788.3291666666667,0.7963041492004992,0.3361372952381214,0.6260426593003863,1
96,39.87378808864266,6.314569509368209,-1.270939262845763,107,84,-0.053502840448711037,6.1203531368931126,1073.125,0.6766546795254959,0.176891746851476,0.34371294955840936,1
95,33.34377595822949,5.774406978922554,-0.9470785812435571,109,86,0.22682213377744045,6.16570069725652,548.9793388429753,0.8703053464444109,0.32580489350518366,0.5476512370336859,1
101,10.294320987654322,3.208476427785363,-1.1235584483716692,106,96,-0.12291082910905268,4.90477424911472,1487.9814814814813,0.5579821462216471,0.19685455208767869,0.48628929888935796,1
100,4.874460499155563,2.2078180403184415,0.003333500426685454,106,97,0.895999234023965,5.388832310122147,1716.1507936507937,0.6572349684087985,0.37461662607003016,0.5852185369088962,1
102,33.57226510513708,5.794157842615014,-1.003633466656891,116,91,0.055190725137225706,7.881476172355223,413.7656790123457,0.885282800927108,0.7614693919073612,0.8383677545496753,1
104,18.191643103520423,4.265166245707244,-0.9337716779681116,115,96,0.013096525122968012,7.804639294266662,541.9675925925924,0.8899609646193162,0.6312022208972432,0.7870996734620256,1
95,19.215945201610054,4.383599571312377,-0.7301374739836186,105,85,-0.08011776238169137,6.569837228070993,1231.4309523809525,0.7308774808664481,0.3764126830175997,0.4952543910426042,1
98,24.151701323251412,4.914438047554513,-0.9279531017291553,105,87,-0.42408901927046083,4.9259868302158765,1017.066666666667,0.7276667046989959,0.23003622903070436,0.37149925365476344,1
95,15.201111111111109,3.898860232312914,-0.9416139928714222,103,88,0.2365590691405538,5.597595414736382,1616.137254901961,0.438827147078,0.1424101867287642,0.2993357461876889,1
93,12.185112133830083,3.490717996892628,-0.21290834744790432,102,85,0.138828285248911,5.860087453829409,961.8663101604277,0.7732351245873677,0.3597026933795011,0.5476877213402894,1
98,64.30153077558505,8.01882352814832,-0.6989805281425152,119,86,0.6334760689030696,7.315950864185132,518.4649227110583,0.8914353419218585,0.3766573640485782,0.6041312336618463,1
96,29.689926745160797,5.448846368283914,-0.2853387760382389,112,85,0.5403693933093329,7.570911264004684,572.6755952380952,0.8697739078806171,0.5832019713607739,0.7090547665422245,1
91,4.087655222790357,2.0217950496502746,-0.4946601038932643,95,87,-0.5003335884283372,4.7092850593216244,1603.0714285714284,0.5886767030265025,0.298540241023223,0.46252413369487355,1
91,4.3226606805293,2.079100930818247,-0.9138236242681632,95,87,-0.03379781984809862,5.620141922583235,1239.4871794871794,0.6988734949544706,0.37292599819735345,0.600660153004662,1
94,11.4630593132154,3.3857140034585615,-1.0065990367743978,100,87,-0.2489604400330358,5.225104215631319,2777.74,0.3682958729712849,0.28548204847240394,0.3294680731153273,1
111,4.499110003559986,2.1211105590138355,-0.7210814635229106,115,107,-0.1051937691713398,5.068723509322601,1695.5555555555557,0.5733913601110024,0.20786985482077452,0.5247552798137872,1
114,17.152584876543212,4.141567924897914,-1.0614654111884807,122,106,0.049126356024319716,5.374621326487539,1906.602564102564,0.4830030656520461,0.1416071925280418,0.26899392642945014,1
104,15.153228664956947,3.8927148193718155,-1.048496328373756,112,96,-0.20528165235366863,6.486988516070468,954.3405572755419,0.80439702732128,0.29766477626555826,0.5669023683401235,1
104,21.87049337070975,4.676589929714786,-0.44923431509648504,118,95,0.4809652226180272,7.996331987947284,448.3283752860412,0.912800709626089,0.6029182567490732,0.7391510558371625,1
104,20.211940132442194,4.495769136915528,-0.9907367820314832,114,95,0.2532711913542597,7.679708205922935,775.2012882447665,0.8539656255466133,0.3855358830643144,0.6076322430631517,1
101,4.819762598917118,2.1953957727291717,-1.0951894450460644,105,97,0.13582297344458977,5.683345855723647,1066.1333333333332,0.6915682603353921,0.2247683993210196,0.6041776871028963,1
100,9.064789307213548,3.0107788539202858,0.1506510587495491,111,93,0.650273696674501,7.890511709427226,496.61782945736417,0.8915016658201108,0.6318546946465826,0.7964291127260656,1
102,11.761691707900544,3.429532287047396,-0.6075505917474389,111,95,0.13568382963210582,7.140684325187575,627.8361823361823,0.876483172618371,0.38358387583474807,0.667047379214337,1
101,8.383469387755103,2.8954221432729117,-0.20043650647639044,109,93,0.2798430788046106,7.426140142146629,645.8888221153846,0.8583563136852032,0.6340513056625392,0.7857539619203375,1
104,28.167121936125316,5.307270667313409,0.04517465458704839,121,94,0.6168205936229657,7.886294588508149,498.23676470588225,0.8956635843959263,0.6492780813524667,0.7651816440142244,1
98,5.142819979188346,2.2677786442217736,1.9842402829211325,107,95,1.2339953485276958,5.918633600770631,1083.8830409356729,0.750474820065948,0.3032489394728462,0.623506436764945,1
105,6.987681660899653,2.643422338730543,-0.6427193040380073,112,101,0.4670833249915716,5.54095151843417,1000.6875,0.6523894209317267,0.17891212538872572,0.5543592908029393,1
111,30.756957596611198,5.5458955630818725,-0.9378810867183551,124,98,-0.13709349988128292,6.6695232159961835,793.4334365325076,0.8040567015568673,0.18654374797525206,0.47553618514132323,1
106,16.897167437707974,4.110616430379752,-0.7867101554889402,116,100,0.5952343550652223,5.80740098243301,1845.2857142857147,0.6693651208943504,0.48906214720078367,0.6162177300165331,1
108,10.305562130177515,3.210227738054968,-1.140834330664559,113,102,-0.2844838857068426,5.965703982650072,1242.570512820513,0.659683646719027,0.1895637574695031,0.46663969986766635,1
108,19.9604724147159,4.467714450892749,-0.5584304237766835,120,100,0.5767197636562404,7.692180071138912,437.84788189987165,0.9251937110821499,0.5176895308915849,0.7541119860893132,1
106,14.504674556213018,3.8085003027718165,-0.10835928616933366,117,100,0.8803795273797436,7.06412284287438,689.2716836734694,0.8782354162004151,0.4822314261053662,0.7003813015570453,1
105,11.662040816326531,3.414973033030646,0.8599468343826464,115,100,1.2179495341468434,5.7520526389599915,1023.4897959183675,0.8157909650131625,0.44703311836255827,0.6820320076675633,1
104,3.0153463648834022,1.7364752704497126,-0.7573729513711172,108,101,0.1533393449102917,5.780605091155328,1276.4945054945053,0.7602388382175442,0.38201633617074054,0.667044422985283,1
107,11.404160792857448,3.377004707260185,-0.9645223259920543,115,101,0.2844264815095937,6.128553795258995,844.4369747899159,0.8436445725975334,0.34619911016999194,0.5815201696134651,1
107,12.451784432067381,3.528708606851433,-0.16517398212065082,117,100,0.40880666528457726,7.216171231557077,898.7919655667145,0.8325188247963317,0.33293856866500837,0.6150556754235078,1
107,15.882142549824348,3.985240588700304,-0.9488967244974016,117,101,0.3200317757789738,7.345973840039774,755.1541666666668,0.8428592089408442,0.2684241133535317,0.6271490697635291,1
95,16.141618897928993,4.01766336294232,-0.3211683434826158,107,90,0.6989106369516926,6.435275455385212,2304.986522911051,0.4941900675503109,0.3340578627456532,0.4610738080565892,1
101,44.87503905325443,6.698883418395519,-1.338696895169987,112,90,-0.04540768262177365,6.880250675242376,939.6226053639843,0.80943104641312,0.3405276819669972,0.5654487554642741,1
95,9.861020604986381,3.1402262028373658,0.841777495739565,109,88,0.7023539009740061,7.415239276508798,438.66786226685804,0.8474720953574092,0.7791368464711215,0.8498941321370408,1
95,9.996236215137944,3.161682497522157,-1.1003653034453615,102,89,-0.10794218780692648,6.191818633311548,960.5097402597403,0.7919901768591855,0.4351315610934299,0.5746799995902676,1
96,6.539930555555555,2.557328793009525,-0.9342663845676427,101,92,0.1318754619847932,4.276316806157504,3230.15625,0.22298961117885036,0.21650635094610965,0.28295533391777405,1
93,5.142622222222223,2.267735042332376,-1.0787321344937644,98,89,0.14033606959113573,6.108955653941596,939.0807017543859,0.7868050712919316,0.44032641296410097,0.6593116873506254,1
110,27.75079837421977,5.267902654208767,-0.9386088884542314,121,97,0.10298188515213594,6.209463188332903,607.0462962962962,0.8670443145809782,0.2335784647114428,0.5918351781283208,1
106,32.359375,5.688530126491377,-0.9634316855446241,118,98,0.3019494387480868,4.968396440281753,1850.3312500000002,0.6006412051569894,0.6452954749570154,0.6742361683259535,1
110,48.943121585451685,6.995936076426919,-0.6432926425796128,128,99,0.7666656503437284,7.221323923800798,733.1911764705884,0.880665383481348,0.46647227590224266,0.7003057399885518,1
109,14.824343321730723,3.850239384990331,-0.29780586413048304,122,99,0.2833163213417882,8.245551477784186,300.6971830985915,0.9398072397298777,0.6893962160925161,0.8374315886831587,1
107,12.603982300884956,3.5502087686338895,-0.4000063594162757,117,102,0.6443338677560696,6.518605573414003,666.358024691358,0.866208233944136,0.2969065218226232,0.6135859783180282,1
105,3.980992778329619,1.9952425362169932,1.644465929595131,113,102,0.9914396219403301,6.361125188299365,1584.9472222222223,0.7157257644018377,0.41784093789708543,0.6829970916713082,1
108,17.907006057210882,4.231667054153822,-0.5042669545865581,120,101,0.5536352068702133,6.227761451655669,1375.1188405797102,0.768909477869092,0.4561466137650453,0.5987969755193797,1
110,29.484514061943756,5.429964462309469,-0.7365689079172371,124,102,0.5013590959867832,6.166315727215373,1251.6239316239319,0.7733319858608523,0.2915551115677895,0.4707364173963633,1
106,3.5008264462809917,1.8710495574091541,-0.9057759337875564,110,103,0.33432960383021126,5.105790243535871,1356.875,0.629426537139492,0.22069448268477398,0.46407402850374874,1
108,8.59651333753413,2.931981128440995,-0.356392863728046,115,103,0.35066461458828857,5.332354469792495,1012.1052631578947,0.8284368671900557,0.466074451469773,0.6936834251951957,1
112,67.11212636985277,8.192199116833818,-0.2970725937691623,133,98,0.7408802992015844,6.99863762262754,771.5686956521739,0.8721262129590374,0.34228631930831427,0.5170416451475601,1
107,13.13841629909683,3.624695338797018,-0.9664933416655805,115,101,0.34749545148479494,5.3321556064082865,1811.1547619047617,0.574043824478434,0.19579624051664912,0.3970791703676475,1
111,53.56079112158225,7.3185238348715,-0.5725472596374028,131,100,0.5191937102312035,5.940658176650732,1196.884848484848,0.7602129693789959,0.2293841317306128,0.3719327491945492,1
109,25.66623263888889,5.066185215612324,-1.0614330047737566,121,101,0.2541882152781314,6.35505009603097,1375.0,0.7176840477071985,0.22700454860807834,0.39465437703439243,1
108,13.553875236294893,3.6815588052202686,-0.6281015154963425,117,102,0.3169804020301783,4.926680049857626,1829.2037037037035,0.5679489291201031,0.18885257457751053,0.3292761937131375,1
110,20.416865069095802,4.518502525073523,-0.9467836567068781,121,100,-0.02161255852397871,6.725399125232837,1737.8156565656564,0.6706245038140956,0.24367705533179357,0.4103097806052806,1
108,8.3788159892056,2.894618453130844,-0.6379231329839867,115,103,0.11929271469347455,5.442062329926808,1339.141414141414,0.7000168574347515,0.2202622473470356,0.49288087917152196,1
112,44.03251814028487,6.635700275048962,-0.4517251401855509,128,100,0.5823475076456506,6.59404357162754,1154.349358974359,0.7536123922128475,0.20074954057422562,0.41146601616853157,1
95,43.653016502437346,6.607042946919397,-1.1062699698905054,107,83,-0.3023656423745609,6.653047692833187,655.4298245614035,0.8578630003940488,0.4063798269007844,0.5736900776755809,1
87,4.606264666870727,2.1462210200421405,-0.5828226454279322,92,83,0.29568964167771333,5.693431387118482,1416.3949579831933,0.45280785808589574,0.1798397862103588,0.3971365925284904,1
89,13.614035087719298,3.6897201909791613,-1.114816930598363,96,83,0.16973879518696317,5.140805748573355,844.0333333333335,0.7868331674464083,0.48904669170404047,0.6978081899270273,1
88,16.516158983802,4.064007748984,0.24454340496859484,100,82,0.9359784986104223,6.978105913142496,672.1971207087486,0.8207139651889213,0.5669296746232967,0.7277104779838406,1
89,14.227393150116507,3.771921678682699,-0.5682987512732911,99,83,0.44368876971561166,6.273872204081725,722.8193277310925,0.7752030227856342,0.24487184440476312,0.5050561310324052,1
88,25.209999999999997,5.020956084253276,1.1925789431624159,107,79,1.1238740829414877,6.695460424988047,622.0842803030301,0.7912110410550148,0.7070138795593599,0.7709530278730865,1
86,4.968915325002145,2.22910639607044,-0.8096361026718846,92,83,0.38719215946571234,6.3293924638146075,808.3285714285714,0.7823755155661855,0.51568372595557,0.7018642602854934,1
86,2.7899999999999996,1.6703293088490065,-0.5889698231009382,90,84,0.12617433404030481,4.787307135947869,1210.2142857142858,0.3003096107144677,0.1970588733005577,0.40716585130173516,1
95,16.641617624867962,4.079413882516453,-0.6917877580202871,104,86,0.09774584394442032,6.046459039981135,1019.2479166666668,0.7262375761572669,0.6593659491216627,0.7309518948056856,1
98,43.820622837370244,6.619714709666138,-0.8849108807249904,113,88,0.47614752450356784,5.539013334576817,843.936507936508,0.8096783855608977,0.30335737862883166,0.4327773869665458,1
101,53.5,7.314369419163897,-0.8619446938597264,117,89,0.3174189725891109,5.701185780864739,1191.4603174603178,0.7576038316476198,0.5569356440967009,0.610352935581711,1
98,29.029276197178817,5.387882348119604,-0.2785007623601863,113,87,0.30150689516401324,7.819757264579767,397.85975609756093,0.914347447754554,0.5915301779127022,0.7345455551162924,1
92,7.454152249134948,2.7302293400252933,0.38233677974948055,100,87,0.7946521807659339,5.723151054033188,1232.6666666666667,0.7074540243457227,0.3784308081316977,0.5984496643063163,1
92,8.755555555555558,2.9589788028229536,-0.9420366409853371,98,88,0.3373825968845307,4.499297847225291,1102.4166666666665,0.7421492094365711,0.46218082079540157,0.670016164698119,1
94,15.589451585663351,3.9483479565083104,-0.9663108936532128,103,86,0.15732002281126672,6.774501983110575,977.8497536945813,0.7449940606861809,0.25637069578106914,0.5073795127992557,1
95,10.368608799048753,3.2200324220493113,-1.0575942681592476,102,91,0.1552828519226358,4.465345146958274,2296.057142857143,0.3291599467462705,0.18405855323893036,0.31302426135726885,1
103,6.211168639053254,2.4922216271939486,-0.6732627313892632,109,99,0.36569961641879783,5.049564182782282,1551.2323232323233,0.7082975827323909,0.42550317716819286,0.6232471516694951,1
105,10.635269422892975,3.261176079713111,-0.6449563436447612,115,99,0.25577700143109117,6.365990492287606,918.9492753623188,0.8331128563490309,0.5020814804104321,0.670180231939856,1
104,13.928819444444445,3.7321333637002367,0.4286570848931506,116,96,0.5972171398601887,6.067794429878132,1152.3468749999997,0.7875535064734732,0.5059267872553299,0.6284332110097494,1
107,23.68112592565827,4.866325711012188,-0.2183278443208323,127,97,0.4541149984865304,8.723670734097407,420.45442992011635,0.9219399308391439,0.6094188612976275,0.7712503613619163,1
105,18.04040404040404,4.247399679851667,-0.16850168474723892,115,97,0.1722503955066721,4.594313236283642,1482.233766233767,0.7253321940103659,0.536019196973739,0.6132370952981081,1
112,40.389886578449904,6.355303814803027,-0.6604069169179279,124,100,-0.2417609365346025,4.925658654583948,1574.1759259259259,0.7464844371294502,0.5310167021829506,0.5911583300428949,1
103,8.188812360882894,2.8616100993816214,0.5255572259984196,113,98,0.8049930145625754,7.781591236805308,505.3093622795114,0.879754758220701,0.70607951139458,0.8418698032370735,1
88,6.728395061728396,2.593915006650834,-0.8363437421092468,94,84,0.311754481491211,4.68170554524966,1268.1904761904761,0.5427128631835172,0.20342866060279835,0.45996593311695466,1
94,33.070153061224495,5.7506654450789,-0.9785835120416801,105,83,0.17029172802107384,5.122098222533889,1224.140625,0.526945714867824,0.1410583600411546,0.2578372537213318,1
94,35.8364966349773,5.986359213660445,-0.7631260291650634,109,82,0.23871765033107867,7.944637855401419,426.30729166666674,0.902774201739903,0.5682980128541419,0.7268132472566193,1
89,11.497849733350677,3.390847937220228,-0.18152679989324794,99,83,0.7124261112354531,7.304475261161096,640.5538720538718,0.8352110093920314,0.5474688199843946,0.7123528452332009,1
109,11.520466408229296,3.3941812574211907,-0.4510459734587977,117,102,0.4127424899659669,6.296626959021408,1019.0576923076926,0.8086214959959559,0.3006403422440432,0.5648309860112852,1
107,9.170559959520995,3.028293241996388,-0.7731870888236618,116,101,0.2559522283034028,6.135171328585037,1144.5066666666664,0.8037878505756182,0.45582647770591145,0.6243784825107895,1
112,40.641872535039376,6.375097845134565,-0.9586355818133994,126,100,0.3512646884359192,7.421361973840813,785.2906846240181,0.8682583444227231,0.34701013259805774,0.6119395364221529,1
108,13.611194868561716,3.6893352881734285,-0.6763188563650875,117,101,0.1800718837184062,6.35030861833538,999.1787439613529,0.6574622320712558,0.13765996955338172,0.33749727656281275,1
107,13.909825964488709,3.729587908132574,-0.3332494039562537,117,101,0.683838356855541,6.739919690335148,1137.0854166666668,0.799086234158202,0.38206595289440676,0.6073992863749963,1
106,4.750652448601222,2.1795991486053627,-0.5679635486205123,112,101,-0.046767309539958314,6.7717248419914835,760.5036231884059,0.8651569621378692,0.45559523247945977,0.7404370941234035,1
107,5.423391003460207,2.328817511841623,-1.002459954926144,113,104,0.010143554335774758,5.541030229296855,1093.5178571428573,0.7583757486833617,0.2534047490413996,0.614819760090428,1
110,29.88122585456502,5.4663722755192055,-0.1500290127404309,126,99,0.6430233854639035,7.446530718869543,625.3198717948719,0.8886723917008278,0.6137812981183034,0.7548840204247137,1
106,6.83234180638183,2.6138748643310814,-0.8227018594817967,111,101,0.39651202666798285,5.552656869576633,1510.79020979021,0.7250620995656009,0.36788135489685697,0.6948299080679392,1
107,8.345989480604867,2.8889426232801627,-1.0699802676351022,113,101,-0.03696428506042757,5.454958598740168,1865.0,0.6497601339094146,0.2931013367432863,0.43430429507447793,1
108,29.789913135787852,5.458013662110773,0.7944508982354059,130,102,1.1099090775831089,6.843571992678408,914.6973684210527,0.8437391221465735,0.5174333727506769,0.6668088306187852,1
109,19.319336475485095,4.395376715992054,-0.47760484037338724,121,100,0.3053893355408966,7.3650049840879745,891.3438003220608,0.8470135302059326,0.5420910308814807,0.7173768889556046,1
109,22.08482084119118,4.699448993359879,-1.077619688954225,119,101,0.26366456320716003,6.114979357743805,1098.0584795321638,0.6944800178765614,0.16142893265312588,0.3902078888253574,1
108,20.800921550094515,4.560802730890091,0.6500991691457974,122,101,1.1579380408533142,5.619524737955544,967.5147058823528,0.8163241271600618,0.3143328602911626,0.5795495940989877,1
81,5.522545492129569,2.350009679156571,-0.06740844996193962,89,76,0.4295880092629775,8.34099299824443,234.24591250552368,0.9165566211756484,0.6764533079276491,0.8326812654704215,0
81,7.373842324854168,2.7154819691638847,-0.17466863376615338,90,74,0.25703376634952524,7.49332193352479,336.73482096523094,0.881862361542228,0.6660173146567628,0.7964085843478172,0
80,3.7243825800336863,1.9298659487212282,-0.012961479391759845,87,74,0.2846930749213485,9.186578766692891,297.57929731243007,0.8687141641014146,0.7501275345388402,0.8637669179497349,0
80,3.666756248320344,1.9148776066162412,1.1026089154365506,87,76,0.6369335454091927,5.902349260629582,1082.0666666666666,0.6634707776821578,0.4324811331787267,0.646767230188521,0
80,4.895963992214534,2.2126825330838886,0.5324044375690984,88,76,0.7784615743317305,6.704039978204094,825.5265957446807,0.7242071278678375,0.5793547393823724,0.7224212250857305,0
79,3.012267561983471,1.7355885347580142,-0.18301567216720738,84,76,0.13641896262605058,5.575713079457887,704.2894736842104,0.7791615428729884,0.4468844130984657,0.6947546523146505,0
80,2.2295918367346936,1.493181782883348,-1.0930465154030204,83,78,-0.23775938321883872,4.430643883584489,1713.2333333333333,0.320699456065259,0.24267032964268392,0.5467082474432574,0
79,1.7789140559140975,1.3337593695693752,-0.32838965900050754,83,77,0.2344864502310665,6.693183869440766,773.8592592592594,0.7565871926526243,0.46027925858632135,0.7079828803347916,0
80,3.735038870118,1.9326248653367781,-0.13741628986029442,87,74,0.2809886714721981,8.443688627656297,441.03463203463207,0.861692627621238,0.5296830804097774,0.7551678807565918,0
80,4.201677693761813,2.0497994276908686,-0.013696456566975268,86,76,0.5713626170457156,5.620076835573368,991.5714285714286,0.6899741641219861,0.47495430376085207,0.6749398559758875,0
80,2.7633136094674566,1.6623217526903318,-0.8142822425706941,84,78,0.1221765213920674,4.356497983982517,1624.7714285714287,0.4389383961070766,0.25071326821120354,0.48004076194046374,0
79,3.5703407247160626,1.8895345259391432,0.16990071050273503,85,74,0.2892790811307612,7.162112334380749,614.240927419355,0.7996802972790062,0.5256145441894426,0.7196680438260266,0
79,3.2923120978639244,1.8144729531916215,0.17982390629585332,86,74,0.21848245368554653,8.558265786226979,423.6218067382452,0.8456238848505158,0.6474870504201086,0.8028587190843275,0
79,2.8402366863905315,1.6853001769389724,-0.6835416666666694,83,76,-0.4575765532491021,4.761950860269464,1218.5000000000005,0.5694019273386262,0.29369436077497374,0.610746003960764,0
79,3.4241060657702755,1.8504340209178698,0.2580681940473979,85,74,0.42916360066235326,7.334709217377847,538.6438923395445,0.8110617778582607,0.6096295860698849,0.785294204850934,0
79,1.322314049586777,1.1499191491521379,-0.6211718749999933,82,78,0.5143642256617729,4.189550025047259,1867.7083333333333,0.25165461335314465,0.2517301244498869,0.5292122755110633,0
80,2.8676,1.6933989488599548,-0.8390939656046514,84,77,0.18650447097167094,5.0104125248314215,1464.4395604395609,0.5445481503703962,0.3802737686373248,0.5516847812717118,0
80,2.1052631578947367,1.4509525002200232,-0.24499999999999966,82,77,-0.62028219384406,4.04288615218258,1290.3,0.3756638078072265,0.25495097567963926,0.3350310534666249,0
79,1.665008650519031,1.2903521420600776,-0.8105538154529266,82,77,-0.11305611497653177,5.317987642155235,852.5833333333333,0.6884583067285706,0.29919597117385566,0.6406465382544588,0
79,3.250456359714125,1.8029022047005558,-0.21259188869306822,84,74,0.07920066975551265,8.27842426267396,509.749527410208,0.8332119997870583,0.5511646985411166,0.7683177236944079,0
79,1.4682265802541876,1.211703998612775,-0.49440079384505164,82,77,-0.07783312307076679,5.789843651969353,991.3349999999998,0.6852119178265881,0.4182104733265298,0.6615258519673769,0
80,2.87109375,1.6944302139657448,-0.5608440927391363,84,77,0.11411939266959074,5.257271557543948,1494.8690476190477,0.39822639374287105,0.20960496263879777,0.5012284650769143,0
78,1.6709332371852652,1.2926458282086648,-0.4258497375872752,82,76,0.08680680882647294,5.958290055853741,781.1214285714286,0.7461105423373621,0.49472987888465425,0.7232354714016315,0
79,2.2677277828792977,1.505897666801864,-0.15382378831646504,83,76,-0.061466624354952745,5.693551697792543,1591.227272727273,0.3835959389140332,0.22434989234789168,0.49625389549830745,0
79,3.995476126559203,1.9988687116864887,-0.2605819905249649,86,75,0.29177390401391823,8.130038487612659,445.04825174825186,0.8528704102036032,0.5732864829729457,0.7596386936826425,0
79,6.749375,2.597955927262816,0.18681094761365458,87,76,0.7499485108859355,4.786962195838071,979.2870370370371,0.6525005514480032,0.5872881808851661,0.7144589376350606,0
78,2.5130148071703617,1.585249130947676,-0.041498810475287584,84,75,0.3142237131032021,7.942161067820358,501.6131092436975,0.8128910840274607,0.6494932269661229,0.8071730968940156,0
79,5.109375,2.2603926650031405,-0.509463288724294,85,75,-0.0395725674876402,5.480238220260352,508.9583333333332,0.7680071253371656,0.22060227692236847,0.548543126663988,0
79,3.429827840979901,1.8519794385953374,-0.3713017778657668,83,74,-0.1403459909973577,6.566398715558114,647.0345394736842,0.7824917833532397,0.5665491763146651,0.7415607503145789,0
78,2.9242687015839977,1.7100493272370823,-0.05526758546683963,83,74,-0.13429123286454436,5.630977093803184,625.9030303030304,0.797354972701411,0.4174125555202776,0.6945624556991069,0
79,4.621928166351607,2.1498670113175855,0.32469485114231267,86,74,0.4734795715910643,6.313182221149521,550.671052631579,0.804844095812426,0.6192746126297299,0.7509393688999891,0
80,2.8901384083044985,1.700040707837462,-0.8022734779746181,83,77,0.02118950988602829,4.6247478456639595,1578.8249999999998,0.3003863063356483,0.21139418156609704,0.3325396610184561,0
79,4.063326008945888,2.0157693342607153,0.3573773344154323,88,74,0.41133959267056447,8.484762014215757,299.3571212121212,0.8714625305027348,0.7328771042011472,0.8564861250292075,0
79,2.079365079365079,1.4420003742596876,-0.725132568032163,82,77,-0.1676353794445689,4.8361179081681165,1002.9876543209875,0.6847718191476223,0.4481158373550996,0.6506094989387982,0
79,5.327775000000001,2.308197348581789,-0.2789674719073658,87,74,0.14183279439639168,7.4951252380958024,442.85333333333335,0.8452859168627205,0.31713805071274015,0.6303034383523078,0
79,3.19774673854699,1.7882244653697674,-0.3058547131881988,84,75,0.2889393385544276,7.124225378211868,658.1939799331104,0.789678608431696,0.5030465506167263,0.7459479585910184,0
78,2.0783901413272043,1.4416622840759914,0.2756598536397381,83,74,0.09793551045101744,6.754437185048491,642.7734375,0.7783233746433326,0.5845549371574253,0.7811371187927714,0
79,1.4853553115519882,1.21875153807164,-0.3913574059498095,82,77,0.2535691895050576,6.361183869648912,656.9666666666667,0.7748633736296432,0.3536555134904901,0.6980173455436027,0
80,2.5160523186682524,1.5862068965517242,-0.6393353725865776,83,77,-0.05658749075366596,4.465711617586157,2016.875,-0.027274545051197596,0.1926379375927805,0.421923525321013,0
86,4.569321325962337,2.1375970915872657,0.24688082029575664,96,80,0.33179198875741694,9.696159387201638,459.3598484848484,0.8766438713292138,0.5178749654807311,0.7483135390292901,0
86,4.3577006651905625,2.0875106383418895,0.21902552156328792,94,80,0.4230790008961901,9.277520991214129,458.2264890282132,0.8566352300474271,0.6603755742432562,0.8139270885133438,0
86,5.769599999999999,2.401999167360388,-0.7192952585033421,91,82,0.29576029127370945,4.317103681908862,1165.04,0.2699723689328954,0.2280350850198276,0.5000220471665919,0
86,4.829717291255753,2.1976617781760126,-0.47872177668417315,92,83,0.27908716592392324,4.761854614230685,2121.311111111111,0.08796833620153104,0.16850834320114558,0.3181490558949437,0
86,3.3275000000000006,1.82414363469547,0.310141169285171,90,82,-0.46348024868979454,4.0941221960087075,2188.75,0.265560354520108,0.2301116878580679,0.43582327746767874,0
86,5.737347269533487,2.3952760320124873,-0.00970471180544985,94,81,0.2823228251695053,6.869672610826443,711.1439909297053,0.7953260757267928,0.5932750266302054,0.744421347881232,0
87,9.013527575442248,3.0022537493426915,-0.884186995313514,93,82,0.3044018512421481,4.532008972206654,1527.547619047619,0.522950131394372,0.22335313142016333,0.36949794068227865,0
85,2.7001607620745256,1.6432165901288014,0.303960562338899,92,81,0.3937294565281684,8.118620410611143,482.3996913580247,0.8552554983354735,0.626474978039861,0.8128050778989837,0
86,2.7059076262083774,1.6449643236886256,-0.3753021696514631,90,81,-0.14396049093851662,7.598216808738496,457.04282022886673,0.8331356021460435,0.726222837953992,0.8533558610325338,0
87,3.6280991735537187,1.904756985432451,-1.0324458673419092,91,84,0.1855823803086553,4.189415860152424,724.0,0.47467520924107265,0.2783882181415011,0.5100138389150292,0
69,5.410493652678062,2.3260467864335967,-0.6477744779008239,76,65,0.22030945086536063,7.087016563315274,296.2993827160493,0.8345549539594249,0.7250457889875912,0.8269518460052296,0
68,2.9722222222222223,1.7240134054647667,-0.18499432264826643,73,66,0.47162284792694986,4.681815671835323,794.5428571428571,-0.06728694751097233,0.19059520091609047,0.4371799388094583,0
69,4.4,2.0976176963403033,-0.4040220385674953,75,65,0.33284512206391176,6.514254635026785,401.7995337995337,0.7821794978482476,0.6983705935771022,0.8018733655681752,0
68,2.998677685950413,1.7316690463106434,-0.6488742437217412,73,66,0.15642435677979383,5.798775902862254,613.4953703703702,0.7408706242188553,0.4511929774283487,0.6824368553134791,0
68,1.625743645213629,1.2750465266858417,-0.6703339827331338,70,65,-0.2216734906385411,5.552783763879923,679.9415584415585,0.7036860373650108,0.4004446002736776,0.6805523592252475,0
69,7.288888888888889,2.6997942308422114,-0.06121802498512929,76,63,0.47161076869296187,5.415349239779301,768.3333333333333,0.68245756719417,0.44633927678392815,0.5872315720673572,0
68,4.330578512396695,2.0810042076835633,-1.0732037760037318,72,65,-0.18107683311714656,3.496049387804476,2338.1666666666665,-0.1096551360472474,0.23570226039551584,0.2834407470420469,0
68,3.0167938489998845,1.7368920084449362,-0.3994335270583158,73,64,0.055785265691303876,7.017187047895798,316.58730158730157,0.8191361301820864,0.721802835527352,0.8397367163316212,0
68,2.918175645088275,1.7082668541794854,-0.2781036591233046,73,65,0.23451773036257278,5.641599123434954,870.2456140350878,0.6311654873131323,0.3909171921957403,0.6392216108161245,0
68,4.472397959183674,2.114804473038506,-0.10407095909164221,74,63,0.24990060714367607,6.732925235171503,731.4112903225808,0.6835293130413099,0.4853351502998164,0.6549977262354302,0
68,1.0850661625708884,1.0416650913661687,1.144829972441081,70,65,-0.7792285682078042,4.233988839392587,1145.75,0.11302258193713831,0.2551551815399144,0.4417212741533407,0
69,4.706063404124346,2.1693463080210007,-0.6630225323279033,73,64,-0.10223042887474275,5.141171114122901,1174.05,0.5070328282629474,0.3446012188022556,0.48461457643572625,0
68,3.139987244897959,1.772000915603025,-0.3404240665672118,72,64,-0.46381370479440714,5.123628473631633,1180.9365079365082,0.4870492195102519,0.4593586072535804,0.6564039785804687,0
68,2.862283737024222,1.6918285187997695,-1.0423729090983915,72,65,0.22631926652692955,5.540956686713029,782.5714285714288,0.659569990599986,0.48187471019354766,0.6824547334157808,0
67,1.8934052960026992,1.3760106453086398,0.16700689007146474,71,64,-0.23314936574925862,5.442211188135616,648.4551282051283,0.7175084472619842,0.46373675199182685,0.7205435634290803,0
69,2.3703703703703702,1.539600717839002,-0.9169921874999996,71,66,-0.3044620560179668,4.394199611258378,908.1,0.4072477952836712,0.2345207879911715,0.530044139227513,0
68,3.3817868428612465,1.8389635240703517,-0.4152776781962939,74,64,0.3605336177380347,6.562083273260708,495.4673076923077,0.7858516840968153,0.5053303155468222,0.7231012297621289,0
68,0.5,0.7071067811865476,-1.0,69,67,0.0,3.8711469432150407,1156.6875,-0.1390522130991466,0.3336586953759785,0.46880407158635856,0
67,0.5763888888888888,0.7592027982620249,-1.255044273479463,69,67,0.14018086215548964,3.583456489996963,2301.583333333333,-0.32879746772004603,0.3333333333333333,0.25010869660533713,0
67,1.7170247933884297,1.3103529270347092,-0.5964594525628546,70,65,-0.15336261286706987,5.105758198441697,1165.0285714285715,0.37917930354076074,0.24369603013188545,0.5643425746547783,0
67,1.7212770426381012,1.3119744824645414,-0.2949972992803209,71,65,0.45352607248493526,6.02568004509257,541.9814814814814,0.7457714891134367,0.5865861508229466,0.7857404770737484,0
68,4.236686390532546,2.0583212554245622,-1.090107206391812,72,65,0.13857822424974472,4.356256345893634,944.2857142857143,0.4041747685334226,0.2157686780999031,0.45004869632806255,0
67,1.0998258722916527,1.0487258327568998,-0.28959412525613315,70,65,-0.05175636725058647,6.459783470694039,414.8074712643679,0.7835280586762086,0.6577047313256447,0.8266008658155566,0
68,3.160608287636384,1.7778099694951606,-0.20873255533732715,73,64,0.26006054777733867,5.988623391764097,746.0681818181818,0.6688310053278713,0.34502066053839026,0.6436723530887187,0
67,1.3504121185119178,1.1620723378998046,-0.7328419593813402,70,66,0.15365470899394884,5.303158161771895,668.909090909091,0.6857030634933834,0.5719336357285573,0.7733281155055934,0
68,2.149659863945578,1.4661718398419668,-1.0419003364845358,71,66,-0.31265685745068167,4.142904635810859,667.3500000000001,0.3521117530772507,0.2669269563007828,0.5850337475010134,0
67,1.6767346938775511,1.2948879078428184,-0.9959539369828656,70,65,0.10299766198565628,4.653776678228639,602.1944444444445,0.39887214005705157,0.2381448361039201,0.5778098525908513,0
68,2.409688030411423,1.5523169877352445,-0.20513874685057676,73,64,0.3501790005379674,7.378748353524655,347.2732793522267,0.8367287644769409,0.6091488193134914,0.8033231282603999,0
68,4.02728271484375,2.0068090877917983,0.12601343887487415,74,64,0.5941495722757572,5.950212490104121,454.4789915966386,0.7860541277260473,0.6031847206558675,0.7787339129998605,0
67,1.6062885802469131,1.2673944059553495,-0.6476279724482032,70,65,0.02818681903561535,5.375102503475446,783.2063492063492,0.6540025805003927,0.39167289842423403,0.6817849943770674,0
67,1.1588613406795225,1.076504222323128,-0.017024520231780915,69,65,-0.8623732648564617,4.594993390333978,860.5875000000001,0.6035933083087709,0.5425633603552676,0.7562908982320917,0
68,1.8763888888888887,1.3698134503971293,-0.6045788929547959,71,65,-0.5062272969179233,5.19275570829465,658.1190476190476,0.6948911330746433,0.329914439536929,0.6452691622606691,0
68,7.709342560553633,2.7765702873425755,-0.7653803880109207,75,64,0.3427744120867682,4.624160903534798,1105.3111111111114,0.4678009283889793,0.24944382578492943,0.48005426140592067,0
67,1.24609375,1.1162856937182344,-0.7371586364127709,70,66,0.12321145538903126,4.56421327884946,1009.5277777777778,0.4181301640832307,0.2437490107608923,0.5667156419497452,0
68,3.4082840236686387,1.846153846153846,-0.2755895543981448,72,65,-0.28320312500000716,4.356347450108112,1446.6222222222225,0.38683561875513867,0.3474776838024865,0.48581876752916175,0
68,1.534438775510204,1.2387246568589019,-0.5377122447414324,71,66,-0.14365418996836124,4.430652956552061,1315.0857142857142,0.2689067774226897,0.2276768207215604,0.38291931493432907,0
68,0.9333333333333333,0.9660917830792959,-0.09183673469387799,70,66,0.0,3.8065615571716784,1474.88,0.3530737768195766,0.34292856398964494,0.5400694941577587,0
69,2.6167800453514736,1.6176464525202883,-0.4320155348437633,72,66,-0.18039875615874287,4.142864337536195,954.24,0.4917715392061956,0.24819347291981714,0.4920420715598586,0
67,1.271808999081726,1.1277450949047512,-0.25248028776603126,71,66,0.5031857544281001,5.288129751336378,1013.1212121212124,0.5270559739838896,0.3152421522086311,0.628331616176659,0
68,1.539940828402367,1.2409435234539754,-1.2634880559869566,70,66,0.23580287035542732,4.356543469469942,967.8571428571428,0.38518380476263786,0.24484480715718013,0.48219036070006854,0
